dictionary,hawkish_terms,dovish_terms,mean_tone_score_norm,std_tone_score_norm,min_tone_score_norm,max_tone_score_norm,correlation_with_expanded
baseline,20,10,0.031777753287805396,0.007324085136922187,0.017676767676767676,0.04285714285714286,0.9554053237211152
expanded,27,20,0.02765590915082164,0.01026701712804553,0.010101010101010102,0.045714285714285714,1.0
