,tone_score,tone_score_norm,tone_score_change,tone_score_norm_change,us2yield_change,sp500_return,usd_index_change
count,42.0,42.0,41.0,41.0,41.0,41.0,41.0
mean,11.833333333333334,0.03119187355554401,-0.0975609756097561,1.5766564036848644e-05,-0.0197560975609756,0.001565521087530381,-0.0004771407962677211
std,2.937700001840387,0.007587262259955834,1.8412614975714405,0.005883798426000558,0.09204585283645447,0.012644581764366029,0.0023450272050141827
min,6.0,0.0151515151515151,-4.0,-0.0154465408805031,-0.2700000000000004,-0.0294928941048918,-0.0073864291765941
25%,10.0,0.0255507787819685,-1.0,-0.0013485235991629,-0.0699999999999998,-0.00467887337871,-0.001648172525781
50%,12.5,0.0310293928892311,0.0,-0.0001084363478638,0.0,-8.16782735792998e-05,-0.0003396294995768
75%,14.0,0.036641015157267524,1.0,0.0015997156061144,0.04,0.0095195662109373,0.0006170022213718
max,16.0,0.0449438202247191,4.0,0.0147104561366358,0.1199999999999996,0.0298624349775356,0.0049158919734537
